N,execucao,tempo
100000,1,0.000157
100000,2,0.000206
100000,3,0.000207
100000,4,0.000157
100000,5,0.000156
500000,1,0.000830
500000,2,0.000810
500000,3,0.000794
500000,4,0.000785
500000,5,0.000779
1000000,1,0.001574
1000000,2,0.001568
1000000,3,0.001580
1000000,4,0.001577
1000000,5,0.001587
