N,execucao,tempo
100000,1,0.000172
100000,2,0.000174
100000,3,0.000174
100000,4,0.000166
100000,5,0.000183
500000,1,0.000870
500000,2,0.000865
500000,3,0.001051
500000,4,0.000929
500000,5,0.000872
1000000,1,0.001746
1000000,2,0.001734
1000000,3,0.001745
1000000,4,0.001739
1000000,5,0.001731
