N,execucao,tempo
100000,1,0.000039
100000,2,0.000072
100000,3,0.000042
100000,4,0.000039
100000,5,0.000040
500000,1,0.000311
500000,2,0.000513
500000,3,0.000474
500000,4,0.000486
500000,5,0.000452
1000000,1,0.001329
1000000,2,0.001162
1000000,3,0.001612
1000000,4,0.001361
1000000,5,0.001207
